Number,First_Name,Last_Name,Company_Name,Address,City,County,Postcode,Email,DOB,Gender,LastUpdated
10123456,Aleshia,Tomkiewicz,Alan D Rosenburg Cpa Pc,14 Taylor St,St. Stephens Ward,Kent,CT2 7PP,atomkiewicz@hotmail.com,15/04/1987,M,08/11/2023 08:55
10123457,Evan,Zigomalas,Cap Gemini America,5 Binney St,Abbey Ward,Buckinghamshire,HP11 2AX,evan.zigomalas@gmail.com,03/12/1975,F,08/11/2023 08:55
10123458,France,Andrade,Elliott John W Esq,8 Moor Place,East Southbourne and Tuckton W,Bournemouth,BH6 3BE,france.andrade@hotmail.com,22/09/1999,F,08/11/2023 08:55
10123459,Ulysses,Mcwalters,Mcmahan Ben L,505 Exeter Rd,Hawerby cum Beesby,Lincolnshire,DN36 5RP,ulysses@hotmail.com,09/05/1968,F,08/11/2023 08:55
10123460,Tyisha,Veness,Champagne Room,5396 Forth Street,Greets Green and Lyng Ward,West Midlands,B70 9DT,tyisha.veness@hotmail.com,31/10/2005,M,08/11/2023 08:55
10123461,Eric,Rampy,Thompson Michael C Esq,9472 Lind St,Desborough,Northamptonshire,NN14 2GH,erampy@rampy.co.uk,18/07/1990,M,08/11/2023 08:55
10123462,Marg,Grasmick,Wrangle Hill Auto Auct & Slvg,7457 Cowl St #70,Bargate Ward,Southampton,SO14 3TY,marg@hotmail.com,26/02/1983,M,08/11/2023 08:55
10123463,Laquita,Hisaw,In Communications Inc,20 Gloucester Pl #96,Chirton Ward,Tyne & Wear,NE29 7AD,laquita@yahoo.com,07/11/1976,M,08/11/2023 08:55
10123464,Lura,Manzella,Bizerba Usa Inc,929 Augustine St,Staple Hill Ward,South Gloucestershire,BS16 4LL,lura@hotmail.com,11/08/1955,M,08/11/2023 08:55
10123465,Yuette,Klapec,Max Video,45 Bradfield St #166,Parwich,Derbyshire,DE6 1QN,yuette.klapec@klapec.co.uk,29/03/2001,F,08/11/2023 08:55
10123466,Fernanda,Writer,K & R Associates Inc,620 Northampton St,Wilmington,Kent,DA2 7PP,fernanda@writer.co.uk,04/06/1972,U,08/11/2023 08:55
10123467,Charlesetta,Erm,Cain John M Esq,5 Hygeia St,Loundsley Green Ward,Derbyshire,S40 4LY,charlesetta_erm@gmail.com,19/01/1989,U,08/11/2023 08:55
10123468,Corrinne,Jaret,Sound Vision Corp,2150 Morley St,Dee Ward,Dumfries and Galloway,DG8 7DE,corrinne_jaret@gmail.com,25/12/1965,M,08/11/2023 08:55
10123469,Niesha,Bruch,Rowley/hansell Petetin,24 Bolton St,Broxburn Uphall and Winchburg,West Lothian,EH52 5TL,niesha.bruch@yahoo.com,08/09/1993,M,08/11/2023 08:55
10123470,Rueben,Gastellum,Industrial Engineering Assocs,4 Forrest St,Weston-Super-Mare,North Somerset,BS23 3HG,rueben_gastellum@gastellum.co.uk,06/04/1978,F,08/11/2023 08:55
10123471,Michell,Throssell,Weiss Spirt & Guyer,89 Noon St,Carbrooke,Norfolk,IP25 6JQ,mthrossell@throssell.co.uk,20/10/1960,M,08/11/2023 08:55
10123472,Edgar,Kanne,Crowan Kenneth W Esq,99 Guthrie St,New Milton,Hampshire,BH25 5DF,edgar.kanne@yahoo.com,14/07/1985,M,08/11/2023 08:55
10123473,Dewitt,Julio,Rittenhouse Motor Co,7 Richmond St,Parkham,Devon,EX39 5DJ,dewitt.julio@hotmail.com,02/11/1971,U,08/11/2023 08:55
10123474,Charisse,Spinello,Modern Plastics Corp,9165 Primrose St,Darnall Ward,Yorkshire South,S4 7WN,charisse_spinello@spinello.co.uk,30/11/1997,F,08/11/2023 08:55
10123475,Mee,Lapinski,Galloway Electric Co Inc,9 Pengwern St,Marldon,Devon,TQ3 1SA,mee.lapinski@yahoo.com,23/08/1984,U,08/11/2023 08:55
10123476,Peter,Gutierres,Niagara Custombuilt Mfg Co,4410 Tarlton St,Prestatyn Community,Denbighshire,LL19 9EG,peter_gutierres@yahoo.com,17/05/1966,M,08/11/2023 08:55
10123477,Octavio,Salvadore,Practical Periphrals,6949 Bourne St,Lye and Stourbridge North Ward,West Midlands,DY5 2QP,octavio.salvadore@yahoo.com,09/01/2000,M,08/11/2023 08:55
10123478,Martha,Teplica,Curtin Patricia M Esq,148 Rembrandt St,Warlingham,Surrey,CR6 9SW,mteplica@teplica.co.uk,28/06/1974,U,08/11/2023 08:55
10123479,Tamesha,Veigel,Wilhelm James E Jr,2200 Nelson St #58,Newport,Isle of Wight,PO30 5AL,tveigel@veigel.co.uk,12/03/1991,F,08/11/2023 08:55
10123480,Tess,Sitra,Smart Signs,61 Rossett St,Chichester,West Sussex,PO19 1RH,tess_sitra@hotmail.com,04/09/1980,F,08/11/2023 08:55
10123481,Leonard,Kufner,Arctic Star Distributing Inc,41 Canning St,Steornabhagh a Deas Ward,Western Isles,HS1 2PZ,lkufner@kufner.co.uk,23/04/1957,M,08/11/2023 08:55
10123482,Svetlana,Tauras,Lensbower Gregory L Esq,8289 Cadogan St,South Ward,North Eart Lincolnshire,DN33 1AU,svetlana_tauras@tauras.co.uk,16/11/1969,F,08/11/2023 08:55
10123483,Pok,Molaison,Portal Metal Products,211 Hobart St,Newquay,Cornwall,TR7 1LS,pok@yahoo.com,05/07/1982,M,08/11/2023 08:55
10123484,Augustine,Growcock,Lynema Cliff Cpa,114 Falkland St #8845,Brimpton,Berkshire,RG7 4RF,augustine.growcock@growcock.co.uk,18/02/1976,F,08/11/2023 08:55
10123485,Karma,Quarto,J C S Machinery,1 Birkett St,Shard End Ward,West Midlands,B33 0NH,kquarto@gmail.com,10/12/1998,F,08/11/2023 08:55
10123486,Reed,Weisinger,Berick Joseph G Esq,5147 Blackstone St,Letchworth South West Ward,Hertfordshire,SG6 3LE,reed_weisinger@yahoo.com,01/08/1963,F,08/11/2023 08:55
10123487,German,Zelaya,Jackson & Heit Machine Co Inc,7 Shenstone St,Longhill Ward,Yorkshire East (North Humbers,HU8 9PZ,german@hotmail.com,26/05/1979,M,08/11/2023 08:55
10123488,Milly,Savidge,Bridgeway Plan For Health,129 Alexander Pope St,Franche Ward,Hereford and Worcester,DY11 9BW,milly@gmail.com,08/10/1987,M,08/11/2023 08:55
10123489,Luis,Ear,Wa Inst For Plcy Studies,2 Birchfield Rd,Whittington,Shropshire,SY11 4PH,luis@hotmail.com,15/06/1961,M,08/11/2023 08:55
10123490,Ciara,Cobbley,Wmgl 101.7 Fm,7523 Kempton Rd,Cockerton West Ward,Darlington,DL3 0JF,ciara_cobbley@hotmail.com,27/01/1994,M,08/11/2023 08:55
10123491,Alethea,Mould,Hughlett Henry T Jr,6305 Elstow St,Castle Ward,West Sussex,BN12 6PR,alethea@hotmail.com,22/07/1970,F,08/11/2023 08:55
10123492,Margurite,Loperfido,Penrose Place Pharmacy Inc,218 Greenbank Drive,Devizes,Wiltshire,SN10 3DU,mloperfido@gmail.com,03/03/1986,F,08/11/2023 08:55
10123493,Vernice,Sperazza,Novak Alan Paul Esq,8921 Forge St,Colnbrook with Poyle,Buckinghamshire,SL3 0PY,vernice@yahoo.com,19/11/1967,M,08/11/2023 08:55
10123494,Vicente,Rawicki,B & S Tool And Cutter Svc Inc,3060 St Ambrose Grove #261,Aldridge Central and South War,West Midlands,WS9 8UR,vicente_rawicki@hotmail.com,14/08/1952,M,08/11/2023 08:55
10123495,Craig,Cua,Berry John M Esq,8388 Bessemer St #5,East Putney Ward,Greater London,SW15 2RP,craig@hotmail.com,30/04/2002,M,08/11/2023 08:55
10123496,Jenise,Dulle,Alden Michael H Esq,87 Pownall Sq,Sawston,Cambridgeshire,CB22 3BB,jenise.dulle@hotmail.com,21/12/1973,M,08/11/2023 08:55
10123497,Marylin,Cornelison,Ernest E Heuer & Company Pc,39 Wye St,Wakefield North Ward,West Yorkshire,WF1 1DR,marylin_cornelison@yahoo.com,13/09/1989,M,08/11/2023 08:55
10123498,Marget,Gunst,Frankel Stephen,2732 Bostock St #1,St. Enoder,Cornwall,TR9 6NJ,mgunst@yahoo.com,11/05/1964,U,08/11/2023 08:55
10123499,Annett,Bunselmeyer,Guynes Design Inc,5562 Fairfield St #847,Ryde,Isle of Wight,PO33 1HH,abunselmeyer@hotmail.com,03/10/1978,F,08/11/2023 08:55
10123500,Kip,Turziano,General Appraisal Co,37 Meadow St,Laindon Park Ward,Essex,SS15 6LE,kip.turziano@yahoo.com,20/06/1958,F,08/11/2023 08:55
10123501,Melina,Orizabal,Sheraton Inn Ocean Front,3 Nevison St,Lymington and Pennington,Hampshire,SO41 1DL,melina@gmail.com,05/01/1996,F,08/11/2023 08:55
10123502,Tina,Clapham,Cooper Myers Y Co,5662 William Moult St,Aylesbury,Buckinghamshire,HP21 8PP,rclasham@gmail.com,10/07/1981,U,08/11/2023 08:55
10123503,Luisa,Devereux,Cash 4 Checks,3 North View #35,Burmantofts and Richmond Hill ,West Yorkshire,LS9 7JH,ldevereux@gmail.com,22/02/1977,M,08/11/2023 08:55
10123504,Pedro,Aschoff,Charlotte Chamber,135 Opie St,Howard Town Ward,Derbyshire,SK13 8BB,paschoff@yahoo.com,25/11/1962,F,08/11/2023 08:55
10123505,Test,Testing,Test Company,Test Street,Test,Test Ward,Testshire,TE5 5TT,test@yahoo.com,31/03/1962,U,09/11/2023 09:25
